"Group","Daily P&L","WTD P&L","MTD P&L","YTD P&L","Month-End Adjustment","Carry","Position","New Trading","Other","Total Risk P&L","Unattributed","Estimate","Actual-Estimate","Plan P&L","Plan to Actual Difference"
" -> Equity Derivatives","5283013.6899999995","5253632.590000002","12365201.84","32636854.380000003","-6567000","-28370.960000000003","4114.960000000001","-8242932.850000001","13549122.39","5281933.54","1080.1499999996304","0","5283013.6899999995","354408.21","1638394.5200000003"
" -> Equity Derivatives -> Delta1","5283013.6899999995","5253632.590000002","12365201.84","32636854.380000003","-6567000","-28370.960000000003","4114.960000000001","-8242932.850000001","13549122.39","5281933.54","1080.1499999996304","0","5283013.6899999995","354408.21","1638394.5200000003"
" -> Equity Derivatives -> Delta1 -> ","5283013.6899999995","5253632.590000002","12365201.84","32636854.380000003","-6567000","-28370.960000000003","4114.960000000001","-8242932.850000001","13549122.39","5281933.54","1080.1499999996304","0","5283013.6899999995","354408.21","1638394.5200000003"
" -> Equity Derivatives -> Delta1 ->  -> ","5283013.6899999995","5253632.590000002","12365201.84","32636854.380000003","-6567000","-28370.960000000003","4114.960000000001","-8242932.850000001","13549122.39","5281933.54","1080.1499999996304","0","5283013.6899999995","354408.21","1638394.5200000003"
" -> Equity Derivatives -> Delta1 ->  ->  -> EQUITY","5283013.6899999995","5253632.590000002","12365201.84","32636854.380000003","-6567000","-28370.960000000003","4114.960000000001","-8242932.850000001","13549122.39","5281933.54","1080.1499999996304","0","5283013.6899999995","354408.21","1638394.5200000003"